id,name,gender
1,Remus,Male
2,Obie,Agender
3,Gawain,Male
4,Ody,Male
5,Felicle,Female
6,Galvan,Male
7,Robbyn,Female
8,Cathrin,Female
9,Nan,Female
10,Lorenzo,Male
11,Philis,Female
12,Yasmeen,Female
13,Reeta,Female
14,Auguste,Non-binary
15,Jeramie,Bigender
16,Bette-ann,Female
17,Yancy,Male
18,Cort,Male
19,Johnette,Female
20,Brock,Male
21,Petunia,Female
22,Clerkclaude,Male
23,Juliana,Female
24,Roscoe,Male
25,Ryon,Male
26,Lucky,Female
27,Charlot,Female
28,Brendis,Male
29,Andriette,Female
30,Sly,Male
31,Corinne,Female
32,Asia,Female
33,Gavin,Male
34,Gray,Female
35,Creigh,Male
36,Lloyd,Male
37,Nani,Non-binary
38,Margie,Female
39,Amandi,Genderfluid
40,Skipper,Male
41,Winnie,Male
42,Kile,Non-binary
43,Karalee,Female
44,Leela,Female
45,Crosby,Male
46,Jamal,Male
47,Nyssa,Female
48,Norine,Female
49,Lucila,Female
50,Kristoffer,Male
51,Lynna,Female
52,Alberto,Male
53,Hendrick,Male
54,Astra,Female
55,Fitzgerald,Male
56,Dionne,Bigender
57,Ignacius,Male
58,Aundrea,Female
59,Catina,Female
60,Jerome,Male
61,Harald,Male
62,Rina,Female
63,Hugh,Male
64,Drew,Male
65,Munroe,Male
66,Normie,Genderqueer
67,Ardella,Female
68,Alvis ,Male
69,Letizia ,Female
70,Wallis ,Female
71,Ron ,Male
72,Addy ,Male
73,Royall,Male
74,Emilia,Female
75,Padriac,Male
76,Natty,Female
77,Schuyler,Male
78,Brook,Female
79,Noble,Male
80,Edvard,Male
81,Bronny,Male
82,Mordecai,Male
83,Lorelei,Female
84,Chandra,Female
85,Daisy,Female
86,Aldwin,Male
87,Stevy,Male
88,Catlee,Female
89,Shawn,Female
90,Kaye,Female
91,Fredek,Male
92,Fin,Male
93,Kalina,Female
94,Carissa,Female
95,Elsworth,Male
96,Carlos,Non-binary
97,Salomo,Male
98,Leesa,Polygender
99,Nickie,Male
100,Berk,Genderfluid
