uid,uname,gende
7,Maxi,Female
10,Tabbie,Female
11,Freida,Female
12,Cherianne,Female
14,Dion,Female
15,Bianca,Female
20,Henrie,Female
21,Brynna,Female
22,Abbey,Female
24,Bertha,Female
25,Kari,Female
27,Lebbie,Female
28,Belva,Female
31,Robinet,Female
35,Bernita,Female
36,Bethany,Female
37,Gertrud,Female
40,Adrienne,Female
41,Esther,Female
44,Darleen,Female
45,Bess,Female
46,Perrine,Female
50,Seka,Female
51,Blinnie,Female
55,Rois,Female
56,Sybila,Female
59,Cecelia,Female
63,Carlye,Female
66,Eddy,Female
67,Audrie,Female
68,Demetris,Female
69,Averyl,Female
72,Jerrilyn,Female
73,Venus,Female
77,Ysabel,Female
78,Kathye,Female
79,Liuka,Female
81,Sherilyn,Female
82,Starlin,Female
83,Hope,Female
85,Brunhilda,Female
87,Georgeta,Female
88,Philomena,Female
89,Vonnie,Female
91,Caty,Female
92,Corrianne,Female
93,Wynny,Female
95,Mickie,Female
97,Gleda,Female
98,Angelia,Female
99,Aundrea,Female
